分组,常量名/数据项,当前值/地址规则,源码表达式,读取类型/布局,用途/读取基准,当前使用状态,源码文件,源码行,更新后值/是否未变,新版本/验证说明
01 Game.dll 全局 RVA,EntitySystemPointerRva,0x94C7B0,0x94C7B0,ptr64,EntitySystem 根指针；本地角色、目标、世界对象、队友、宠物与采集都从这里查实体。,运行时/辅助解析,Roadhog/Infrastructure/Vmm/AionVmmGameApi.cs,36,0x94C7B0 | 未变,直接确认：大量对应函数引用仍为 0x18094C7B0。
01 Game.dll 全局 RVA,ServerObjectTreeRva,0xD6CAB0,0xD6CAB0,ptr64,ServerObject 树 header 指针；ServerObjectId 与 EntityId 映射。,运行时/辅助解析,Roadhog/Infrastructure/Vmm/AionVmmGameApi.cs,37,0xD6CAB0 | 变更 -0x10,直接确认：旧 0xD6CAC0 → 新 0xD6CAB0。
01 Game.dll 全局 RVA,PartyIdRva,0xD66920,0xD66920,uint32,队伍 id / 队伍激活状态候选；队伍快照保留原始值，业务不单独依赖它判断组队。,运行时/辅助解析,Roadhog/Infrastructure/Vmm/AionVmmGameApi.cs,38,0xD66920 | 变更 -0x10,直接确认：旧 0xD66930 → 新 0xD66920。
01 Game.dll 全局 RVA,PartyFlagsRva,0xD66924,0xD66924,uint32,队伍权限/状态 flags 候选；队伍快照保留原始诊断值。,运行时/辅助解析,Roadhog/Infrastructure/Vmm/AionVmmGameApi.cs,39,0xD66924 | 变更 -0x10,直接/邻接确认：与 PartyId 连续字段保持 +4。
01 Game.dll 全局 RVA,PartyLeaderServerObjectIdRva,0xD66928,0xD66928,uint32,队长 server object id；用于标记队长成员和判断本地角色是否队长。,运行时/辅助解析,Roadhog/Infrastructure/Vmm/AionVmmGameApi.cs,40,0xD66928 | 变更 -0x10,直接确认：旧 0xD66938 → 新 0xD66928。
01 Game.dll 全局 RVA,PrimaryPartyListRva,0xD66950,0xD66950,ptr64,主队伍 std::list 的 head 指针；node + 0x10 再解引用得到成员记录。,运行时/辅助解析,Roadhog/Infrastructure/Vmm/AionVmmGameApi.cs,41,0xD66950 | 变更 -0x10,直接结构确认：旧 xmmword_180D66960 → 新 xmmword_180D66950。
01 Game.dll 全局 RVA,PrimaryPartyCountRva,0xD66958,0xD66958,uint64,主队伍成员记录数量；队伍快照保留原始数量，并和链表读取互相诊断。,运行时/辅助解析,Roadhog/Infrastructure/Vmm/AionVmmGameApi.cs,42,0xD66958 | 变更 -0x10,由 PrimaryPartyList 连续布局 +8 推导；需实机读 count 复核。
01 Game.dll 全局 RVA,SecondaryPartyListRva,0xD669B8,0xD669B8,ptr64,备用队伍成员链表 head 指针；与主链表按 ServerObjectId 合并去重。,运行时/辅助解析,Roadhog/Infrastructure/Vmm/AionVmmGameApi.cs,43,0xD669B8 | 变更 -0x10,直接确认：旧 0xD669C8 → 新 0xD669B8。
01 Game.dll 全局 RVA,TacticsSignTableRva,0xD668D0,0xD668D0,uint32[16] 数组基址,16 个 uint32 ServerObjectId 战术标记槽；队长验证和输出队员选怪信号均扫描全部槽。,运行时/辅助解析,Roadhog/Infrastructure/Vmm/AionVmmGameApi.cs,44,0xD668D0 | 变更 -0x10,直接确认：旧 0xD668E0 → 新 0xD668D0。
03 战术标记数组,TacticsSignCount,16,16,数量,战术标记槽数；从 0 到 15，每槽 uint32，0 表示空。,运行时/辅助解析,Roadhog/Infrastructure/Vmm/AionVmmGameApi.cs,45,16 | 未变,未发现与本次 Game.dll 更新相关的结构变化。
01 Game.dll 全局 RVA,CurrentMapContextRva,0xD647C0,0xD647C0,内嵌对象基址,GameBase + RVA 即地图上下文本身；直接 + 0x20DC 读 uint32 地图 ID。首个 qword 是虚表，不能先解引用。旧名称 CurrentMapContextPointerRva 已纠正。,运行时/辅助解析,Roadhog/Infrastructure/Vmm/AionVmmGameApi.cs,46,0xD647C0 | 变更 -0x10,直接确认：旧 0xD647D0 → 新 0xD647C0。；账号 4 实机纠正读取链：内嵌对象，非指针槽；地图 ID=120010000。
02 地图上下文,CurrentMapIdOffset,0x20DC,0x20DC,uint32,MapContext 内的地图 ID；地图识别和固定频道控制。,运行时/辅助解析,Roadhog/Infrastructure/Vmm/AionVmmGameApi.cs,47,0x20DC | 未变,未发现与本次 Game.dll 更新相关的结构变化。
01 Game.dll 全局 RVA,CurrentChannelIndexRva,0xD71CB0,0xD71CB0,uint32,当前频道索引，从 0 开始；此地址连续读取 8 字节，后 4 字节为频道总数。,运行时/辅助解析,Roadhog/Infrastructure/Vmm/AionVmmGameApi.cs,48,0xD71CB0 | 变更 -0x10,由连续 index/count 8 字节块确认；count 新址为 0xD71CB4。
01 Game.dll 全局 RVA,CurrentChannelCountRva,0xD71CB4,0xD71CB4,uint32,频道总数；实际通过 CurrentChannelIndexRva + 4 的连续块读取，此常量名本身未被引用。,运行时连续块内实际读取,Roadhog/Infrastructure/Vmm/AionVmmGameApi.cs,49,0xD71CB4 | 变更 -0x10,直接确认：旧 0xD71CC4 → 新 0xD71CB4。
01 Game.dll 全局 RVA,LocalEntityIdRva,0xD6CB08,0xD6CB08,uint16,本地 EntityId；当前目标 EntityId 在同地址 + 2，详见补充表。,运行时/辅助解析,Roadhog/Infrastructure/Vmm/AionVmmGameApi.cs,50,0xD6CB08 | 变更 -0x10,直接确认：旧 0xD6CB18 → 新 0xD6CB08。
01 Game.dll 全局 RVA,LocalMaxHpRva,0xD71BB4,0xD71BB4,uint32,本地最大 HP；用于维护、死亡判断、回血阈值。,运行时/辅助解析,Roadhog/Infrastructure/Vmm/AionVmmGameApi.cs,51,0xD71BB4 | 变更 -0x10,直接确认。
01 Game.dll 全局 RVA,LocalCurrentHpRva,0xD71BB8,0xD71BB8,uint32,本地当前 HP；用于维护、死亡判断、回血阈值。,运行时/辅助解析,Roadhog/Infrastructure/Vmm/AionVmmGameApi.cs,52,0xD71BB8 | 变更 -0x10,直接确认。
01 Game.dll 全局 RVA,LocalMaxMpRva,0xD71BBC,0xD71BBC,uint32,本地最大 MP；用于回蓝维护和阈值判断。,运行时/辅助解析,Roadhog/Infrastructure/Vmm/AionVmmGameApi.cs,53,0xD71BBC | 变更 -0x10,直接确认。
01 Game.dll 全局 RVA,LocalCurrentMpRva,0xD71BC0,0xD71BC0,uint32,本地当前 MP；用于回蓝维护和阈值判断。,运行时/辅助解析,Roadhog/Infrastructure/Vmm/AionVmmGameApi.cs,54,0xD71BC0 | 变更 -0x10,直接确认。
01 Game.dll 全局 RVA,LocalCurrentDpRva,0xD71BC6,0xD71BC6,uint16,本地当前 DP；随玩家快照读出。,运行时/辅助解析,Roadhog/Infrastructure/Vmm/AionVmmGameApi.cs,55,0xD71BC6 | 变更 -0x10,直接对应引用可见：旧 0xD71BD6 → 新 0xD71BC6。
01 Game.dll 全局 RVA,CameraPitchRva,0xD65B74,0xD65B74,float32,普通镜头俯仰角；支持 AION_CAMERA_PITCH_RVA 覆盖。,运行时/辅助解析,Roadhog/Infrastructure/Vmm/AionVmmGameApi.cs,56,0xD65B74 | 变更 -0x10,直接确认。
01 Game.dll 全局 RVA,CameraRollRva,0xD65B78,0xD65B78,float32,普通镜头翻滚角；支持 AION_CAMERA_ROLL_RVA 覆盖。,运行时/辅助解析,Roadhog/Infrastructure/Vmm/AionVmmGameApi.cs,57,0xD65B78 | 变更 -0x10,直接对应引用可见：旧 0xD65B88 → 新 0xD65B78。
01 Game.dll 全局 RVA,CameraYawRva,0xD65B7C,0xD65B7C,float32,普通镜头水平朝向；支持 AION_CAMERA_YAW_RVA 覆盖。,运行时/辅助解析,Roadhog/Infrastructure/Vmm/AionVmmGameApi.cs,58,0xD65B7C | 变更 -0x10,直接确认。
01 Game.dll 全局 RVA,SpecialCameraModeRva,0xD6CC38,0xD6CC38,uint16,非零表示特殊镜头候选；没有设置任何镜头 RVA 覆盖时才切换到特殊镜头三轴。,运行时/辅助解析,Roadhog/Infrastructure/Vmm/AionVmmGameApi.cs,59,0xD6CC38 | 变更 -0x10,直接确认。
01 Game.dll 全局 RVA,SpecialCameraPitchRva,0xD6CC48,0xD6CC48,float32,特殊镜头俯仰角。,运行时/辅助解析,Roadhog/Infrastructure/Vmm/AionVmmGameApi.cs,60,0xD6CC48 | 变更 -0x10,与特殊镜头连续结构保持 +0x10。
01 Game.dll 全局 RVA,SpecialCameraRollRva,0xD6CC4C,0xD6CC4C,float32,特殊镜头翻滚角。,运行时/辅助解析,Roadhog/Infrastructure/Vmm/AionVmmGameApi.cs,61,0xD6CC4C | 变更 -0x10,直接/连续结构确认。
01 Game.dll 全局 RVA,SpecialCameraYawRva,0xD6CC50,0xD6CC50,float32,特殊镜头水平朝向。,运行时/辅助解析,Roadhog/Infrastructure/Vmm/AionVmmGameApi.cs,62,0xD6CC50 | 变更 -0x10,与特殊镜头连续结构保持 +0x18。
01 Game.dll 全局 RVA,SkillManagerGlobalRva,0xD4B010,0xD4B010,ptr64,技能管理器根指针；背包管理器使用同一根指针。,运行时/辅助解析,Roadhog/Infrastructure/Vmm/AionVmmGameApi.cs,63,0xD4B010 | 变更 -0x10,高置信直接确认：数百处对应引用从 0xD4B020 → 0xD4B010。
04 已学技能树,LearnedSkillTreeOffset,0x830,0x830,ptr64,已学技能 outer tree header；2026-07-22 版本由旧 `+0x828` 后移 8 字节。,运行时/辅助解析,Roadhog/Infrastructure/Vmm/AionVmmGameApi.cs,64,0x830 | 未变（静态结构比对）,对象成员/节点/数组布局在旧新对应函数中未见整体位移；建议关键业务字段上线前做一次实机值域校验。
04 已学技能树,LearnedSkillOuterSkillIdOffset,0x20,0x20,uint32,已学技能 outer tree 的 skill id key。,运行时/辅助解析,Roadhog/Infrastructure/Vmm/AionVmmGameApi.cs,65,0x20 | 未变（静态结构比对）,对象成员/节点/数组布局在旧新对应函数中未见整体位移；建议关键业务字段上线前做一次实机值域校验。
04 已学技能树,LearnedSkillOuterLevelTreeHeaderOffset,0x28,0x28,ptr64,指向该技能按等级分组的 inner tree。,运行时/辅助解析,Roadhog/Infrastructure/Vmm/AionVmmGameApi.cs,66,0x28 | 未变（静态结构比对）,对象成员/节点/数组布局在旧新对应函数中未见整体位移；建议关键业务字段上线前做一次实机值域校验。
04 已学技能树,LearnedSkillOuterLevelTreeSizeOffset,0x30,0x30,uint64,inner tree 数量诊断字段。,运行时/辅助解析,Roadhog/Infrastructure/Vmm/AionVmmGameApi.cs,67,0x30 | 未变（静态结构比对）,对象成员/节点/数组布局在旧新对应函数中未见整体位移；建议关键业务字段上线前做一次实机值域校验。
04 已学技能树,LearnedSkillInnerLevelOffset,0x20,0x20,uint16,该技能已学习等级。,运行时/辅助解析,Roadhog/Infrastructure/Vmm/AionVmmGameApi.cs,68,0x20 | 未变（静态结构比对）,对象成员/节点/数组布局在旧新对应函数中未见整体位移；建议关键业务字段上线前做一次实机值域校验。
04 已学技能树,LearnedSkillInnerItemListHeaderOffset,0x28,0x28,ptr64,当前等级下 runtime skill item 列表 header。,运行时/辅助解析,Roadhog/Infrastructure/Vmm/AionVmmGameApi.cs,69,0x28 | 未变（静态结构比对）,对象成员/节点/数组布局在旧新对应函数中未见整体位移；建议关键业务字段上线前做一次实机值域校验。
04 已学技能树,LearnedSkillInnerItemListSizeOffset,0x30,0x30,uint64,skill item list 数量诊断字段。,运行时/辅助解析,Roadhog/Infrastructure/Vmm/AionVmmGameApi.cs,70,0x30 | 未变（静态结构比对）,对象成员/节点/数组布局在旧新对应函数中未见整体位移；建议关键业务字段上线前做一次实机值域校验。
05 红黑树与链表节点,NodeLeftOffset,0x0,0x00,ptr64,遍历 entity 树、server object 树、已学技能树。,运行时/辅助解析,Roadhog/Infrastructure/Vmm/AionVmmGameApi.cs,71,0x0 | 未变（静态结构比对）,对象成员/节点/数组布局在旧新对应函数中未见整体位移；建议关键业务字段上线前做一次实机值域校验。
05 红黑树与链表节点,NodeParentOffset,0x8,0x08,ptr64,获取树根起点、遍历下一个节点。,运行时/辅助解析,Roadhog/Infrastructure/Vmm/AionVmmGameApi.cs,72,0x8 | 未变（静态结构比对）,对象成员/节点/数组布局在旧新对应函数中未见整体位移；建议关键业务字段上线前做一次实机值域校验。
05 红黑树与链表节点,NodeRightOffset,0x10,0x10,ptr64,遍历 entity 树、server object 树、已学技能树。,运行时/辅助解析,Roadhog/Infrastructure/Vmm/AionVmmGameApi.cs,73,0x10 | 未变（静态结构比对）,对象成员/节点/数组布局在旧新对应函数中未见整体位移；建议关键业务字段上线前做一次实机值域校验。
05 红黑树与链表节点,NodeIsNilOffset,0x19,0x19,uint8,判断红黑树空节点，停止遍历。,运行时/辅助解析,Roadhog/Infrastructure/Vmm/AionVmmGameApi.cs,74,0x19 | 未变（静态结构比对）,对象成员/节点/数组布局在旧新对应函数中未见整体位移；建议关键业务字段上线前做一次实机值域校验。
05 红黑树与链表节点,NodeIdOffset,0x20,0x20,uint16,entity 树查找 key；技能树也复用同类布局。,运行时/辅助解析,Roadhog/Infrastructure/Vmm/AionVmmGameApi.cs,75,0x20 | 未变（静态结构比对）,对象成员/节点/数组布局在旧新对应函数中未见整体位移；建议关键业务字段上线前做一次实机值域校验。
05 红黑树与链表节点,NodeEntityOffset,0x28,0x28,ptr64,entity 树 value，指向 `CEntity`。,运行时/辅助解析,Roadhog/Infrastructure/Vmm/AionVmmGameApi.cs,76,0x28 | 未变（静态结构比对）,对象成员/节点/数组布局在旧新对应函数中未见整体位移；建议关键业务字段上线前做一次实机值域校验。
05 红黑树与链表节点,ListNodeNextOffset,0x0,0x00,ptr64,遍历队伍成员 `std::list`；从 head 的 next 开始前进。,运行时/辅助解析,Roadhog/Infrastructure/Vmm/AionVmmGameApi.cs,77,0x0 | 未变（静态结构比对）,对象成员/节点/数组布局在旧新对应函数中未见整体位移；建议关键业务字段上线前做一次实机值域校验。
05 红黑树与链表节点,ListNodePrevOffset,0x8,0x08,ptr64,从技能 item list header 取最后一个技能 item 节点。,运行时/辅助解析,Roadhog/Infrastructure/Vmm/AionVmmGameApi.cs,78,0x8 | 未变（静态结构比对）,对象成员/节点/数组布局在旧新对应函数中未见整体位移；建议关键业务字段上线前做一次实机值域校验。
05 红黑树与链表节点,ListNodeValueOffset,0x10,0x10,ptr64,从链表节点读取 `SkillItem*`。,运行时/辅助解析,Roadhog/Infrastructure/Vmm/AionVmmGameApi.cs,79,0x10 | 未变（静态结构比对）,对象成员/节点/数组布局在旧新对应函数中未见整体位移；建议关键业务字段上线前做一次实机值域校验。
06 EntitySystem 与 CEntity,EntityTreeOffset,0x58,0x58,ptr64,EntitySystem 内的实体红黑树 header 指针。,运行时/辅助解析,Roadhog/Infrastructure/Vmm/AionVmmGameApi.cs,81,0x58 | 未变（静态结构比对）,对象成员/节点/数组布局在旧新对应函数中未见整体位移；建议关键业务字段上线前做一次实机值域校验。
06 EntitySystem 与 CEntity,EntityTypeOffset,0x122,0x122,uint16,CEntity 实体类型；当前运行时用 3 过滤 NPC/怪物/宠物候选。,运行时/辅助解析,Roadhog/Infrastructure/Vmm/AionVmmGameApi.cs,82,0x122 | 未变（静态结构比对）,对象成员/节点/数组布局在旧新对应函数中未见整体位移；建议关键业务字段上线前做一次实机值域校验。
06 EntitySystem 与 CEntity,EntityPositionFlagsOffset,0xF0,0xF0,uint32,CEntity 坐标来源标志；仅 DEBUG 地址探针读取。,仅 DEBUG 地址探针,Roadhog/Infrastructure/Vmm/AionVmmGameApi.cs,83,0xF0 | 未变（静态结构比对）,对象成员/节点/数组布局在旧新对应函数中未见整体位移；建议关键业务字段上线前做一次实机值域校验。
06 EntitySystem 与 CEntity,EntityUseAlternatePositionFlag,0x400,0x400,掩码,历史备用坐标标志 0x400；本文件仅保留定义，没有读取分支引用。,仅保留定义，当前无引用,Roadhog/Infrastructure/Vmm/AionVmmGameApi.cs,84,0x400 | 未变（程序侧）,Roadhog 侧策略/上限/环境变量，不是 Game.dll 地址。
06 EntitySystem 与 CEntity,EntityWorldPositionOffset,0x4E4,0x4E4,float32[3],CEntity 世界坐标 X/Y/Z；玩家、目标、怪物、队友、宠物、寻路共享此读取链。,运行时/辅助解析,Roadhog/Infrastructure/Vmm/AionVmmGameApi.cs,85,0x4E4 | 未变（静态结构比对）,对象成员/节点/数组布局在旧新对应函数中未见整体位移；建议关键业务字段上线前做一次实机值域校验。
06 EntitySystem 与 CEntity,EntityWorldAnglesOffset,0x518,0x518,float32 块,CEntity 世界角度块；代码只读取块内 + 8，即 CEntity + 0x520，作为角色 yaw。,运行时/辅助解析,Roadhog/Infrastructure/Vmm/AionVmmGameApi.cs,86,0x518 | 未变（静态结构比对）,对象成员/节点/数组布局在旧新对应函数中未见整体位移；建议关键业务字段上线前做一次实机值域校验。
06 EntitySystem 与 CEntity,EntityLocalPositionOffset,0x524,0x524,float32[3],CEntity local/alternate 坐标；仅 DEBUG 探针诊断，寻路不使用此组坐标。,仅 DEBUG 地址探针,Roadhog/Infrastructure/Vmm/AionVmmGameApi.cs,87,0x524 | 未变（静态结构比对）,对象成员/节点/数组布局在旧新对应函数中未见整体位移；建议关键业务字段上线前做一次实机值域校验。
06 EntitySystem 与 CEntity,EntityPositionVfuncOffset,0x8,0x08,ptr64,CEntity 虚表中的位置 getter 槽位；仅 DEBUG 探针读取函数体，不调用函数。,仅 DEBUG 地址探针,Roadhog/Infrastructure/Vmm/AionVmmGameApi.cs,88,0x8 | 未变（静态结构比对）,对象成员/节点/数组布局在旧新对应函数中未见整体位移；建议关键业务字段上线前做一次实机值域校验。
06 EntitySystem 与 CEntity,EntityProxyManagerVfuncOffset,0xB8,0xB8,ptr64,CEntity 虚表中的 proxy manager getter 槽位；读取函数体动态推导成员偏移。,运行时/辅助解析,Roadhog/Infrastructure/Vmm/AionVmmGameApi.cs,89,0xB8 | 未变（静态结构比对）,对象成员/节点/数组布局在旧新对应函数中未见整体位移；建议关键业务字段上线前做一次实机值域校验。
06 EntitySystem 与 CEntity,EntitySystemGetEntityVfuncOffset,0x30,0x30,ptr64,EntitySystem 虚表中的 GetEntity 槽位；仅 DEBUG 探针读取函数体。,仅 DEBUG 地址探针,Roadhog/Infrastructure/Vmm/AionVmmGameApi.cs,90,0x30 | 未变（静态结构比对）,对象成员/节点/数组布局在旧新对应函数中未见整体位移；建议关键业务字段上线前做一次实机值域校验。
05 红黑树与链表节点,ServerNodeServerObjectIdOffset,0x1C,0x1C,uint32,稳定对象身份；用于锁定目标、周围怪物、尸体、错误锁怪校验。,运行时/辅助解析,Roadhog/Infrastructure/Vmm/AionVmmGameApi.cs,92,0x1C | 未变（静态结构比对）,对象成员/节点/数组布局在旧新对应函数中未见整体位移；建议关键业务字段上线前做一次实机值域校验。
05 红黑树与链表节点,ServerNodeEntityIdOffset,0x20,0x20,uint16,把 server object 树节点映射回 entity 树里的 `CEntity`。,运行时/辅助解析,Roadhog/Infrastructure/Vmm/AionVmmGameApi.cs,93,0x20 | 未变（静态结构比对）,对象成员/节点/数组布局在旧新对应函数中未见整体位移；建议关键业务字段上线前做一次实机值域校验。
06 EntitySystem 与 CEntity,EntityTypeNpc,3,3,枚举值,NPC/怪物 CEntity 类型值 3；世界对象、尸体及宠物扫描使用。,运行时/辅助解析,Roadhog/Infrastructure/Vmm/AionVmmGameApi.cs,94,3 | 未变（静态结构比对）,对象成员/节点/数组布局在旧新对应函数中未见整体位移；建议关键业务字段上线前做一次实机值域校验。
07 Actor 角色、怪物、宠物与采集物,ActorEntityOffset,0x8,0x08,ptr64,Actor 指回 CEntity，解析 Actor 候选时必须匹配预期实体。,运行时/辅助解析,Roadhog/Infrastructure/Vmm/AionVmmGameApi.cs,96,0x8 | 未变（静态结构比对）,对象成员/节点/数组布局在旧新对应函数中未见整体位移；建议关键业务字段上线前做一次实机值域校验。
07 Actor 角色、怪物、宠物与采集物,ActorObjectTypeOffset,0x20,0x20,uint32,Actor 对象类型；玩家和采集物分别按 1、7 处理；候选有效范围为 1 到 32。,运行时/辅助解析,Roadhog/Infrastructure/Vmm/AionVmmGameApi.cs,97,0x20 | 未变（静态结构比对）,对象成员/节点/数组布局在旧新对应函数中未见整体位移；建议关键业务字段上线前做一次实机值域校验。
07 Actor 角色、怪物、宠物与采集物,ActorPlayerObjectType,1,1,枚举值,Actor 对象类型 1 表示玩家，用于队友和采集竞争玩家识别。,运行时/辅助解析,Roadhog/Infrastructure/Vmm/AionVmmGameApi.cs,98,1 | 未变（静态结构比对）,对象成员/节点/数组布局在旧新对应函数中未见整体位移；建议关键业务字段上线前做一次实机值域校验。
07 Actor 角色、怪物、宠物与采集物,ActorServerObjectIdOffset,0x2C,0x2C,uint32,actor server object id；用于目标身份和“怪物是否锁定我”的比较。,运行时/辅助解析,Roadhog/Infrastructure/Vmm/AionVmmGameApi.cs,99,0x2C | 未变（静态结构比对）,对象成员/节点/数组布局在旧新对应函数中未见整体位移；建议关键业务字段上线前做一次实机值域校验。
07 Actor 角色、怪物、宠物与采集物,ActorNpcTemplateIdOffset,0x30,0x30,uint32,NPC 模板 ID；采集物复用为 GatherSourceId，与静态采集资源表关联。,运行时/辅助解析,Roadhog/Infrastructure/Vmm/AionVmmGameApi.cs,100,0x30 | 未变（静态结构比对）,对象成员/节点/数组布局在旧新对应函数中未见整体位移；建议关键业务字段上线前做一次实机值域校验。
07 Actor 角色、怪物、宠物与采集物,ActorStanceFlagsOffset,0x34,0x34,uint32,姿态 flags；当前客户端里低 4 位为 `5` 且 motion mode 为 `1` 时，判断为真实坐地板休息。,运行时/辅助解析,Roadhog/Infrastructure/Vmm/AionVmmGameApi.cs,101,0x34 | 未变（静态结构比对）,对象成员/节点/数组布局在旧新对应函数中未见整体位移；建议关键业务字段上线前做一次实机值域校验。
07 Actor 角色、怪物、宠物与采集物,ActorLevelOffset,0x3E,0x3E,uint16,Actor 等级；采集物复用为显示等级。,运行时/辅助解析,Roadhog/Infrastructure/Vmm/AionVmmGameApi.cs,102,0x3E | 未变（静态结构比对）,对象成员/节点/数组布局在旧新对应函数中未见整体位移；建议关键业务字段上线前做一次实机值域校验。
07 Actor 角色、怪物、宠物与采集物,ActorHpPercentOffset,0x40,0x40,uint8,Actor HP 百分比；采集物复用同一原始字节为状态/剩余量信号，语义需单独核对。,运行时/辅助解析,Roadhog/Infrastructure/Vmm/AionVmmGameApi.cs,103,0x40 | 未变（静态结构比对）,对象成员/节点/数组布局在旧新对应函数中未见整体位移；建议关键业务字段上线前做一次实机值域校验。
07 Actor 角色、怪物、宠物与采集物,ActorNameOffset,0x42,0x42,UTF-16，最多 64 字符,Actor 对象内的名字字符区；角色、怪物、尸体和采集物共用。,运行时/辅助解析,Roadhog/Infrastructure/Vmm/AionVmmGameApi.cs,104,0x42 | 未变（静态结构比对）,对象成员/节点/数组布局在旧新对应函数中未见整体位移；建议关键业务字段上线前做一次实机值域校验。
07 Actor 角色、怪物、宠物与采集物,ActorSummonOwnerServerObjectIdOffset,0xFC,0xFC,uint32,召唤物 owner server object id；用于把已加载宝宝/召唤物归属到本地角色或队伍成员。,运行时/辅助解析,Roadhog/Infrastructure/Vmm/AionVmmGameApi.cs,105,0xFC | 未变（静态结构比对）,对象成员/节点/数组布局在旧新对应函数中未见整体位移；建议关键业务字段上线前做一次实机值域校验。
07 Actor 角色、怪物、宠物与采集物,ActorGatherInteractionRadiusOffset,0x168,0x168,float32,采集物交互半径，代码接受 0 到 100 的有限值。,运行时/辅助解析,Roadhog/Infrastructure/Vmm/AionVmmGameApi.cs,106,0x168 | 未变（静态结构比对）,对象成员/节点/数组布局在旧新对应函数中未见整体位移；建议关键业务字段上线前做一次实机值域校验。
07 Actor 角色、怪物、宠物与采集物,ActorGatherSpawnPositionOffset,0x19C,0x19C,float32[3],采集物出生位置；世界坐标不可用时，采集距离计算会使用此位置。,运行时/辅助解析,Roadhog/Infrastructure/Vmm/AionVmmGameApi.cs,107,0x19C | 未变（静态结构比对）,对象成员/节点/数组布局在旧新对应函数中未见整体位移；建议关键业务字段上线前做一次实机值域校验。
07 Actor 角色、怪物、宠物与采集物,ActorInteractionStateOffset,0x1CC,0x1CC,uint32,尸体交互状态；用于拾取诊断和尸体元数据。,运行时/辅助解析,Roadhog/Infrastructure/Vmm/AionVmmGameApi.cs,108,0x1CC | 未变（静态结构比对）,对象成员/节点/数组布局在旧新对应函数中未见整体位移；建议关键业务字段上线前做一次实机值域校验。
07 Actor 角色、怪物、宠物与采集物,ActorClassIdOffset,0x228,0x228,uint32,玩家职业 ID；本地角色与已加载队友读取。注意队伍记录的职业字段只有 1 字节。,运行时/辅助解析,Roadhog/Infrastructure/Vmm/AionVmmGameApi.cs,109,0x228 | 未变（静态结构比对）,对象成员/节点/数组布局在旧新对应函数中未见整体位移；建议关键业务字段上线前做一次实机值域校验。
07 Actor 角色、怪物、宠物与采集物,ActorMotionModeOffset,0x2D0,0x2D0,uint32,动作模式；和 stance low nibble 一起判断坐地板维护状态。,运行时/辅助解析,Roadhog/Infrastructure/Vmm/AionVmmGameApi.cs,110,0x2D0 | 未变（静态结构比对）,对象成员/节点/数组布局在旧新对应函数中未见整体位移；建议关键业务字段上线前做一次实机值域校验。
07 Actor 角色、怪物、宠物与采集物,ActorTargetServerObjectIdOffset,0x358,0x358,uint32,actor 当前目标 server object id；用于判断怪物是否正在锁定本地角色。,运行时/辅助解析,Roadhog/Infrastructure/Vmm/AionVmmGameApi.cs,111,0x358 | 未变（静态结构比对）,对象成员/节点/数组布局在旧新对应函数中未见整体位移；建议关键业务字段上线前做一次实机值域校验。
07 Actor 角色、怪物、宠物与采集物,ActorGatherSourceIdCandidateOffset,0x500,0x500,uint32,其他玩家正在采集的资源 ID 候选；作为原始竞争诊断字段，不应当作已确认资源 ID。,运行时/辅助解析,Roadhog/Infrastructure/Vmm/AionVmmGameApi.cs,112,0x500 | 未变（静态结构比对）,对象成员/节点/数组布局在旧新对应函数中未见整体位移；建议关键业务字段上线前做一次实机值域校验。
07 Actor 角色、怪物、宠物与采集物,ActorGatherActionStateOffset,0xAB0,0xAB0,uint32,其他玩家采集动作状态原始值；竞争识别。,运行时/辅助解析,Roadhog/Infrastructure/Vmm/AionVmmGameApi.cs,113,0xAB0 | 未变（静态结构比对）,对象成员/节点/数组布局在旧新对应函数中未见整体位移；建议关键业务字段上线前做一次实机值域校验。
07 Actor 角色、怪物、宠物与采集物,ActorGatherActionIdOffset,0xAB4,0xAB4,uint32,其他玩家采集动作 ID 原始值；竞争识别。,运行时/辅助解析,Roadhog/Infrastructure/Vmm/AionVmmGameApi.cs,114,0xAB4 | 未变（静态结构比对）,对象成员/节点/数组布局在旧新对应函数中未见整体位移；建议关键业务字段上线前做一次实机值域校验。
01 Game.dll 全局 RVA,CurrentGatherSourceIdRva,0xD68CD8,0xD68CD8,uint32,本地当前采集资源 ID。,运行时/辅助解析,Roadhog/Infrastructure/Vmm/AionVmmGameApi.cs,115,0xD68CD8 | 变更 -0x10,直接引用计数对应：旧 0xD68CE8 → 新 0xD68CD8。
01 Game.dll 全局 RVA,CurrentGatherTargetEntityRva,0xD68CE0,0xD68CE0,uint64 原始指针值,本地采集目标实体地址槽；当前代码只判断是否非零，不在此处解引用。,运行时/辅助解析,Roadhog/Infrastructure/Vmm/AionVmmGameApi.cs,116,0xD68CE0 | 变更 -0x10,由 Source/Target/Skill 连续 8 字节布局推导；建议实机非零采集时复核。
01 Game.dll 全局 RVA,CurrentGatherSkillIdRva,0xD68CE8,0xD68CE8,uint32,本地当前采集技能 ID。,运行时/辅助解析,Roadhog/Infrastructure/Vmm/AionVmmGameApi.cs,117,0xD68CE8 | 变更 -0x10,直接确认：旧 0xD68CF8 → 新 0xD68CE8。
01 Game.dll 全局 RVA,DlgGatheringPointerRva,0xD63E28,0xD63E28,uint64 原始指针值,采集窗口对象地址槽，允许为 0；非零后读取窗口 flags 和两条进度条。,运行时/辅助解析,Roadhog/Infrastructure/Vmm/AionVmmGameApi.cs,118,0xD63E28 | 变更 -0x10,直接确认：旧 0xD63E38 → 新 0xD63E28。
08 采集窗口与 Gauge,DlgGatheringFlagsOffset,0x28,0x28,uint64,采集窗口 flags，使用最低位判断可见。,运行时/辅助解析,Roadhog/Infrastructure/Vmm/AionVmmGameApi.cs,119,0x28 | 未变（静态结构比对）,对象成员/节点/数组布局在旧新对应函数中未见整体位移；建议关键业务字段上线前做一次实机值域校验。
08 采集窗口与 Gauge,DlgGatheringVisibleMask,0x1,0x01,掩码,采集窗口可见位 0x01。,运行时/辅助解析,Roadhog/Infrastructure/Vmm/AionVmmGameApi.cs,120,0x1 | 未变（静态结构比对）,对象成员/节点/数组布局在旧新对应函数中未见整体位移；建议关键业务字段上线前做一次实机值域校验。
08 采集窗口与 Gauge,DlgGatheringSuccessGaugeOffset,0x4E8,0x4E8,ptr64,DlgGathering 内成功进度条指针，须解引用后读取 Gauge 字段。,运行时/辅助解析,Roadhog/Infrastructure/Vmm/AionVmmGameApi.cs,121,0x4E8 | 未变（静态结构比对）,对象成员/节点/数组布局在旧新对应函数中未见整体位移；建议关键业务字段上线前做一次实机值域校验。
08 采集窗口与 Gauge,DlgGatheringFailureGaugeOffset,0x500,0x500,ptr64,DlgGathering 内失败进度条指针，须解引用后读取 Gauge 字段。,运行时/辅助解析,Roadhog/Infrastructure/Vmm/AionVmmGameApi.cs,122,0x500 | 未变（静态结构比对）,对象成员/节点/数组布局在旧新对应函数中未见整体位移；建议关键业务字段上线前做一次实机值域校验。
08 采集窗口与 Gauge,GatherGaugeMaximumOffset,0x300,0x300,float64,Gauge 最大值。,运行时/辅助解析,Roadhog/Infrastructure/Vmm/AionVmmGameApi.cs,123,0x300 | 未变（静态结构比对）,对象成员/节点/数组布局在旧新对应函数中未见整体位移；建议关键业务字段上线前做一次实机值域校验。
08 采集窗口与 Gauge,GatherGaugeDisplayedOffset,0x308,0x308,float64,Gauge 当前显示值。,运行时/辅助解析,Roadhog/Infrastructure/Vmm/AionVmmGameApi.cs,124,0x308 | 未变（静态结构比对）,对象成员/节点/数组布局在旧新对应函数中未见整体位移；建议关键业务字段上线前做一次实机值域校验。
08 采集窗口与 Gauge,GatherGaugeTargetOffset,0x310,0x310,float64,Gauge 目标值。,运行时/辅助解析,Roadhog/Infrastructure/Vmm/AionVmmGameApi.cs,125,0x310 | 未变（静态结构比对）,对象成员/节点/数组布局在旧新对应函数中未见整体位移；建议关键业务字段上线前做一次实机值域校验。
07 Actor 角色、怪物、宠物与采集物,ActorCurrentSummonedPetServerObjectIdOffset,0xFA0,0xFA0,uint32,角色当前召唤宠物 ServerObjectId；定位本地宠物，随后通过实体树读取宠物状态。,运行时/辅助解析,Roadhog/Infrastructure/Vmm/AionVmmGameApi.cs,126,0xFA0 | 未变（静态结构比对）,对象成员/节点/数组布局在旧新对应函数中未见整体位移；建议关键业务字段上线前做一次实机值域校验。
09 本地异常状态数组,ActorAbnormalStatusBeginOffset,0xF18,0xF18,ptr64，可空,本地 Actor 异常状态数组 begin；单条步长 0x12。,运行时/辅助解析,Roadhog/Infrastructure/Vmm/AionVmmGameApi.cs,127,0xF18 | 未变（静态结构比对）,对象成员/节点/数组布局在旧新对应函数中未见整体位移；建议关键业务字段上线前做一次实机值域校验。
09 本地异常状态数组,ActorAbnormalStatusEndOffset,0xF20,0xF20,ptr64，可空,本地 Actor 异常状态数组 end；以 (end - begin) / 0x12 计算条数。,运行时/辅助解析,Roadhog/Infrastructure/Vmm/AionVmmGameApi.cs,128,0xF20 | 未变（静态结构比对）,对象成员/节点/数组布局在旧新对应函数中未见整体位移；建议关键业务字段上线前做一次实机值域校验。
09 本地异常状态数组,ActorAbnormalCategory2CountOffset,0xF38,0xF38,uint32,异常状态 bucket 2 原始计数；不单独等同于有害/物理异常。,运行时/辅助解析,Roadhog/Infrastructure/Vmm/AionVmmGameApi.cs,129,0xF38 | 未变（静态结构比对）,对象成员/节点/数组布局在旧新对应函数中未见整体位移；建议关键业务字段上线前做一次实机值域校验。
07 Actor 角色、怪物、宠物与采集物,ActorMaxHpOffset,0x11A0,0x11A0,uint32,Actor 最大 HP；目标、怪物、尸体、宠物等共用。当前本地 HP 读取以全局 HP RVA 为必需字段。,运行时/辅助解析,Roadhog/Infrastructure/Vmm/AionVmmGameApi.cs,130,0x11A0 | 未变（静态结构比对）,对象成员/节点/数组布局在旧新对应函数中未见整体位移；建议关键业务字段上线前做一次实机值域校验。
07 Actor 角色、怪物、宠物与采集物,ActorCurrentHpOffset,0x11A4,0x11A4,uint32,Actor 当前 HP；目标生死、战斗进展、怪物、尸体及宠物状态。,运行时/辅助解析,Roadhog/Infrastructure/Vmm/AionVmmGameApi.cs,131,0x11A4 | 未变（静态结构比对）,对象成员/节点/数组布局在旧新对应函数中未见整体位移；建议关键业务字段上线前做一次实机值域校验。
07 Actor 角色、怪物、宠物与采集物,ActorLootableFlagOffset,0x11E0,0x11E0,uint32,尸体可拾取标记；用于优先拾取可拾取尸体。,运行时/辅助解析,Roadhog/Infrastructure/Vmm/AionVmmGameApi.cs,132,0x11E0 | 未变（静态结构比对）,对象成员/节点/数组布局在旧新对应函数中未见整体位移；建议关键业务字段上线前做一次实机值域校验。
07 Actor 角色、怪物、宠物与采集物,ActorGatherObjectType,7,7,枚举值,Actor 对象类型 7 表示采集物。,运行时/辅助解析,Roadhog/Infrastructure/Vmm/AionVmmGameApi.cs,133,7 | 未变（静态结构比对）,对象成员/节点/数组布局在旧新对应函数中未见整体位移；建议关键业务字段上线前做一次实机值域校验。
09 本地异常状态数组,AbnormalStatusEntrySize,0x12,0x12,字节步长,本地与队伍异常状态 entry 大小均为 0x12；entry 五个字段见补充表。,运行时/辅助解析,Roadhog/Infrastructure/Vmm/AionVmmGameApi.cs,134,0x12 | 未变（静态结构比对）,对象成员/节点/数组布局在旧新对应函数中未见整体位移；建议关键业务字段上线前做一次实机值域校验。
09 本地异常状态数组,MaxActorAbnormalStatusEntries,512,512,读取上限,本地异常条数保护上限 512；这是程序限制，不是已经确认的游戏数组容量。,运行时/辅助解析,Roadhog/Infrastructure/Vmm/AionVmmGameApi.cs,135,512 | 未变（静态结构比对）,对象成员/节点/数组布局在旧新对应函数中未见整体位移；建议关键业务字段上线前做一次实机值域校验。
10 PartyMemberRecord 队伍成员,PartyMemberPartySlotOffset,0x0,0x00,uint32,原始队伍字段候选；快照保留为 `PartySlot`，不能直接当 UI 槽位或 F2-F6 顺序。,运行时/辅助解析,Roadhog/Infrastructure/Vmm/AionVmmGameApi.cs,136,0x0 | 未变（静态结构比对）,对象成员/节点/数组布局在旧新对应函数中未见整体位移；建议关键业务字段上线前做一次实机值域校验。
10 PartyMemberRecord 队伍成员,PartyMemberServerObjectIdOffset,0x4,0x04,uint32,队员 server object id；队员身份、队长/本地角色匹配、召唤物归属都依赖它。,运行时/辅助解析,Roadhog/Infrastructure/Vmm/AionVmmGameApi.cs,137,0x4 | 未变（静态结构比对）,对象成员/节点/数组布局在旧新对应函数中未见整体位移；建议关键业务字段上线前做一次实机值域校验。
10 PartyMemberRecord 队伍成员,PartyMemberMaxHpOffset,0x8,0x08,uint32,队员最大 HP；用于队伍快照、保护目标选择、队友生死判断。,运行时/辅助解析,Roadhog/Infrastructure/Vmm/AionVmmGameApi.cs,138,0x8 | 未变（静态结构比对）,对象成员/节点/数组布局在旧新对应函数中未见整体位移；建议关键业务字段上线前做一次实机值域校验。
10 PartyMemberRecord 队伍成员,PartyMemberCurrentHpOffset,0xC,0x0C,uint32,队员当前 HP；用于队友血量阈值、死亡判断和队长保护逻辑。,运行时/辅助解析,Roadhog/Infrastructure/Vmm/AionVmmGameApi.cs,139,0xC | 未变（静态结构比对）,对象成员/节点/数组布局在旧新对应函数中未见整体位移；建议关键业务字段上线前做一次实机值域校验。
10 PartyMemberRecord 队伍成员,PartyMemberMaxMpOffset,0x10,0x10,uint32,队员最大 MP；保留在队伍快照中。,运行时/辅助解析,Roadhog/Infrastructure/Vmm/AionVmmGameApi.cs,140,0x10 | 未变（静态结构比对）,对象成员/节点/数组布局在旧新对应函数中未见整体位移；建议关键业务字段上线前做一次实机值域校验。
10 PartyMemberRecord 队伍成员,PartyMemberCurrentMpOffset,0x14,0x14,uint32,队员当前 MP；保留在队伍快照中。,运行时/辅助解析,Roadhog/Infrastructure/Vmm/AionVmmGameApi.cs,141,0x14 | 未变（静态结构比对）,对象成员/节点/数组布局在旧新对应函数中未见整体位移；建议关键业务字段上线前做一次实机值域校验。
10 PartyMemberRecord 队伍成员,PartyMemberMaxFlightTimeOffset,0x18,0x18,uint32,队员最大飞行时间，毫秒；队伍状态诊断字段。,运行时/辅助解析,Roadhog/Infrastructure/Vmm/AionVmmGameApi.cs,142,0x18 | 未变（静态结构比对）,对象成员/节点/数组布局在旧新对应函数中未见整体位移；建议关键业务字段上线前做一次实机值域校验。
10 PartyMemberRecord 队伍成员,PartyMemberCurrentFlightTimeOffset,0x1C,0x1C,uint32,队员剩余飞行时间，毫秒；队伍状态诊断字段。,运行时/辅助解析,Roadhog/Infrastructure/Vmm/AionVmmGameApi.cs,143,0x1C | 未变（静态结构比对）,对象成员/节点/数组布局在旧新对应函数中未见整体位移；建议关键业务字段上线前做一次实机值域校验。
10 PartyMemberRecord 队伍成员,PartyMemberAreaField0Offset,0x20,0x20,uint32,区域/指针类原始字段候选；当前只保留诊断，不作为地图判断。,运行时/辅助解析,Roadhog/Infrastructure/Vmm/AionVmmGameApi.cs,144,0x20 | 未变（静态结构比对）,对象成员/节点/数组布局在旧新对应函数中未见整体位移；建议关键业务字段上线前做一次实机值域校验。
10 PartyMemberRecord 队伍成员,PartyMemberAreaField1Offset,0x24,0x24,uint32,区域/指针类原始字段候选；当前只保留诊断，不作为地图判断。,运行时/辅助解析,Roadhog/Infrastructure/Vmm/AionVmmGameApi.cs,145,0x24 | 未变（静态结构比对）,对象成员/节点/数组布局在旧新对应函数中未见整体位移；建议关键业务字段上线前做一次实机值域校验。
10 PartyMemberRecord 队伍成员,PartyMemberCachedXOffset,0x28,0x28,float32,队员缓存坐标 X；队友不在 live actor 可见范围时作为诊断位置。,运行时/辅助解析,Roadhog/Infrastructure/Vmm/AionVmmGameApi.cs,146,0x28 | 未变（静态结构比对）,对象成员/节点/数组布局在旧新对应函数中未见整体位移；建议关键业务字段上线前做一次实机值域校验。
10 PartyMemberRecord 队伍成员,PartyMemberCachedYOffset,0x2C,0x2C,float32,队员缓存坐标 Y。,运行时/辅助解析,Roadhog/Infrastructure/Vmm/AionVmmGameApi.cs,147,0x2C | 未变（静态结构比对）,对象成员/节点/数组布局在旧新对应函数中未见整体位移；建议关键业务字段上线前做一次实机值域校验。
10 PartyMemberRecord 队伍成员,PartyMemberCachedZOffset,0x30,0x30,float32,队员缓存坐标 Z。,运行时/辅助解析,Roadhog/Infrastructure/Vmm/AionVmmGameApi.cs,148,0x30 | 未变（静态结构比对）,对象成员/节点/数组布局在旧新对应函数中未见整体位移；建议关键业务字段上线前做一次实机值域校验。
10 PartyMemberRecord 队伍成员,PartyMemberClassIdOffset,0x34,0x34,uint8,队员职业 id；映射到 `AionClassId` 和职业名。,运行时/辅助解析,Roadhog/Infrastructure/Vmm/AionVmmGameApi.cs,149,0x34 | 未变（静态结构比对）,对象成员/节点/数组布局在旧新对应函数中未见整体位移；建议关键业务字段上线前做一次实机值域校验。
10 PartyMemberRecord 队伍成员,PartyMemberLevelOffset,0x36,0x36,uint8,队员等级。,运行时/辅助解析,Roadhog/Infrastructure/Vmm/AionVmmGameApi.cs,150,0x36 | 未变（静态结构比对）,对象成员/节点/数组布局在旧新对应函数中未见整体位移；建议关键业务字段上线前做一次实机值域校验。
10 PartyMemberRecord 队伍成员,PartyMemberDataFlagsOffset,0x37,0x37,uint8,队员数据 flags；用于诊断和 `HasAbnormalBlock`，不作为异常数组读取硬门槛。,运行时/辅助解析,Roadhog/Infrastructure/Vmm/AionVmmGameApi.cs,151,0x37 | 未变（静态结构比对）,对象成员/节点/数组布局在旧新对应函数中未见整体位移；建议关键业务字段上线前做一次实机值域校验。
10 PartyMemberRecord 队伍成员,PartyMemberFlightAreaFlagOffset,0x38,0x38,uint8,可飞区域/飞行许可候选；保留在快照中。,运行时/辅助解析,Roadhog/Infrastructure/Vmm/AionVmmGameApi.cs,152,0x38 | 未变（静态结构比对）,对象成员/节点/数组布局在旧新对应函数中未见整体位移；建议关键业务字段上线前做一次实机值域校验。
10 PartyMemberRecord 队伍成员,PartyMemberFlightFlagsOffset,0x39,0x39,uint8,飞行状态 flags 候选；保留在快照中。,运行时/辅助解析,Roadhog/Infrastructure/Vmm/AionVmmGameApi.cs,153,0x39 | 未变（静态结构比对）,对象成员/节点/数组布局在旧新对应函数中未见整体位移；建议关键业务字段上线前做一次实机值域校验。
10 PartyMemberRecord 队伍成员,PartyMemberRuntimeStateOffset,0x3A,0x3A,uint8,运行时状态字段；含义未完全定型，保留诊断。,运行时/辅助解析,Roadhog/Infrastructure/Vmm/AionVmmGameApi.cs,154,0x3A | 未变（静态结构比对）,对象成员/节点/数组布局在旧新对应函数中未见整体位移；建议关键业务字段上线前做一次实机值域校验。
10 PartyMemberRecord 队伍成员,PartyMemberNameOffset,0x3B,0x3B,UTF-16，最多 26 字符,队伍成员记录内的名字字符区。,运行时/辅助解析,Roadhog/Infrastructure/Vmm/AionVmmGameApi.cs,155,0x3B | 未变（静态结构比对）,对象成员/节点/数组布局在旧新对应函数中未见整体位移；建议关键业务字段上线前做一次实机值域校验。
10 PartyMemberRecord 队伍成员,PartyMemberControlStatusMaskOffset,0x6F,0x6F,uint64,控制/异常状态掩码；队伍快照保留给保护逻辑和诊断消费。,运行时/辅助解析,Roadhog/Infrastructure/Vmm/AionVmmGameApi.cs,156,0x6F | 未变（静态结构比对）,对象成员/节点/数组布局在旧新对应函数中未见整体位移；建议关键业务字段上线前做一次实机值域校验。
10 PartyMemberRecord 队伍成员,PartyMemberHasAbnormalBlockFlag,0x8,0x08,掩码,DataFlags 的 0x08 位；快照保存此信号，读取异常数组不以此位作为硬门槛。,运行时/辅助解析,Roadhog/Infrastructure/Vmm/AionVmmGameApi.cs,157,0x8 | 未变（静态结构比对）,对象成员/节点/数组布局在旧新对应函数中未见整体位移；建议关键业务字段上线前做一次实机值域校验。
10 PartyMemberRecord 队伍成员,PartyMemberAbnormalCountOffset,0x77,0x77,int16,队员异常状态原始数量；读取时按 `PartyMemberMaxAbnormalCount` 截断。,运行时/辅助解析,Roadhog/Infrastructure/Vmm/AionVmmGameApi.cs,158,0x77 | 未变（静态结构比对）,对象成员/节点/数组布局在旧新对应函数中未见整体位移；建议关键业务字段上线前做一次实机值域校验。
10 PartyMemberRecord 队伍成员,PartyMemberAbnormalEntriesOffset,0x79,0x79,内嵌 entry 数组,成员异常列表起始地址为 member + 0x79，不再解引用；步长 0x12。,运行时/辅助解析,Roadhog/Infrastructure/Vmm/AionVmmGameApi.cs,159,0x79 | 未变（静态结构比对）,对象成员/节点/数组布局在旧新对应函数中未见整体位移；建议关键业务字段上线前做一次实机值域校验。
10 PartyMemberRecord 队伍成员,PartyMemberUpdateTimeOffset,0x859,0x859,uint32,队员状态更新时间 tick；保留为诊断字段。,运行时/辅助解析,Roadhog/Infrastructure/Vmm/AionVmmGameApi.cs,160,0x859 | 未变（静态结构比对）,对象成员/节点/数组布局在旧新对应函数中未见整体位移；建议关键业务字段上线前做一次实机值域校验。
10 PartyMemberRecord 队伍成员,PartyMemberMaxAbnormalCount,112,112,读取上限,队伍成员异常条数上限 112。,运行时/辅助解析,Roadhog/Infrastructure/Vmm/AionVmmGameApi.cs,161,112 | 未变（静态结构比对）,对象成员/节点/数组布局在旧新对应函数中未见整体位移；建议关键业务字段上线前做一次实机值域校验。
11 SkillItem 技能对象,SkillItemSkillIdOffset,0x8,0x08,uint32,校验 runtime item 是否和已学技能树 key 一致。,运行时/辅助解析,Roadhog/Infrastructure/Vmm/AionVmmGameApi.cs,163,0x8 | 未变（静态结构比对）,对象成员/节点/数组布局在旧新对应函数中未见整体位移；建议关键业务字段上线前做一次实机值域校验。
11 SkillItem 技能对象,SkillItemField0COffset,0xC,0x0C,uint32,runtime 原始字段，保留作诊断。,运行时/辅助解析,Roadhog/Infrastructure/Vmm/AionVmmGameApi.cs,164,0xC | 未变（静态结构比对）,对象成员/节点/数组布局在旧新对应函数中未见整体位移；建议关键业务字段上线前做一次实机值域校验。
11 SkillItem 技能对象,SkillItemRankValueOffset,0x10,0x10,uint64,runtime rank/类似等级字段，保留作诊断。,运行时/辅助解析,Roadhog/Infrastructure/Vmm/AionVmmGameApi.cs,165,0x10 | 未变（静态结构比对）,对象成员/节点/数组布局在旧新对应函数中未见整体位移；建议关键业务字段上线前做一次实机值域校验。
11 SkillItem 技能对象,SkillItemNameOffset,0x18,0x18,MSVC wstring,技能名；用于 UI 映射、配置技能匹配、日志。,运行时/辅助解析,Roadhog/Infrastructure/Vmm/AionVmmGameApi.cs,166,0x18 | 未变（静态结构比对）,对象成员/节点/数组布局在旧新对应函数中未见整体位移；建议关键业务字段上线前做一次实机值域校验。
11 SkillItem 技能对象,SkillItemCooldownDurationOffset,0x50,0x50,uint32,技能冷却时长。,运行时/辅助解析,Roadhog/Infrastructure/Vmm/AionVmmGameApi.cs,167,0x50 | 未变（静态结构比对）,对象成员/节点/数组布局在旧新对应函数中未见整体位移；建议关键业务字段上线前做一次实机值域校验。
11 SkillItem 技能对象,SkillItemCooldownEndTimeOffset,0x54,0x54,uint32,判断技能是否可用，以及维护技能是否释放成功。,运行时/辅助解析,Roadhog/Infrastructure/Vmm/AionVmmGameApi.cs,168,0x54 | 未变（静态结构比对）,对象成员/节点/数组布局在旧新对应函数中未见整体位移；建议关键业务字段上线前做一次实机值域校验。
11 SkillItem 技能对象,SkillItemToggleStateOffset,0x60,0x60,uint32,toggle 技能状态。,运行时/辅助解析,Roadhog/Infrastructure/Vmm/AionVmmGameApi.cs,169,0x60 | 未变（静态结构比对）,对象成员/节点/数组布局在旧新对应函数中未见整体位移；建议关键业务字段上线前做一次实机值域校验。
11 SkillItem 技能对象,SkillItemSkillLevelOffset,0x64,0x64,uint32,runtime 技能等级。,运行时/辅助解析,Roadhog/Infrastructure/Vmm/AionVmmGameApi.cs,170,0x64 | 未变（静态结构比对）,对象成员/节点/数组布局在旧新对应函数中未见整体位移；建议关键业务字段上线前做一次实机值域校验。
11 SkillItem 技能对象,SkillItemStaticFieldD8Offset,0x68,0x68,uint32,runtime/static 信号，用于有用技能过滤和诊断。,运行时/辅助解析,Roadhog/Infrastructure/Vmm/AionVmmGameApi.cs,171,0x68 | 未变（静态结构比对）,对象成员/节点/数组布局在旧新对应函数中未见整体位移；建议关键业务字段上线前做一次实机值域校验。
11 SkillItem 技能对象,SkillItemRuntimeStateOffset,0x6C,0x6C,uint32,runtime 状态信号，用于有用技能过滤和诊断。,运行时/辅助解析,Roadhog/Infrastructure/Vmm/AionVmmGameApi.cs,172,0x6C | 未变（静态结构比对）,对象成员/节点/数组布局在旧新对应函数中未见整体位移；建议关键业务字段上线前做一次实机值域校验。
11 SkillItem 技能对象,SkillItemSourceFlagsOffset,0x74,0x74,uint32,runtime 来源 flags，用于有用技能过滤和诊断。,运行时/辅助解析,Roadhog/Infrastructure/Vmm/AionVmmGameApi.cs,173,0x74 | 未变（静态结构比对）,对象成员/节点/数组布局在旧新对应函数中未见整体位移；建议关键业务字段上线前做一次实机值域校验。
01 Game.dll 全局 RVA,InventoryManagerGlobalRva,0xD4B010 = SkillManagerGlobalRva,SkillManagerGlobalRva,ptr64,等于 SkillManagerGlobalRva，当前值 0xD4B010。,运行时/辅助解析,Roadhog/Infrastructure/Vmm/AionVmmGameApi.cs,175,0xD4B010 = SkillManagerGlobalRva | 变更 -0x10,同 SkillManagerGlobalRva。
12 InventoryManager 背包管理器,InventoryCurrentMoneyOffset,0x770,0x770,uint64,背包管理器内当前金币。,运行时/辅助解析,Roadhog/Infrastructure/Vmm/AionVmmGameApi.cs,176,0x770 | 未变（静态结构比对）,对象成员/节点/数组布局在旧新对应函数中未见整体位移；建议关键业务字段上线前做一次实机值域校验。
12 InventoryManager 背包管理器,InventoryMoneyInstanceIdOffset,0x778,0x778,uint32,金币对象 instance id，作为读取诊断。,运行时/辅助解析,Roadhog/Infrastructure/Vmm/AionVmmGameApi.cs,177,0x778 | 未变（静态结构比对）,对象成员/节点/数组布局在旧新对应函数中未见整体位移；建议关键业务字段上线前做一次实机值域校验。
12 InventoryManager 背包管理器,InventoryCapacityOffset,0x77C,0x77C,uint32,背包总容量。,运行时/辅助解析,Roadhog/Infrastructure/Vmm/AionVmmGameApi.cs,178,0x77C | 未变（静态结构比对）,对象成员/节点/数组布局在旧新对应函数中未见整体位移；建议关键业务字段上线前做一次实机值域校验。
12 InventoryManager 背包管理器,InventoryItemTreeHeaderOffset,0x780,0x780,ptr64,背包物品红黑树 header。,运行时/辅助解析,Roadhog/Infrastructure/Vmm/AionVmmGameApi.cs,179,0x780 | 未变（静态结构比对）,对象成员/节点/数组布局在旧新对应函数中未见整体位移；建议关键业务字段上线前做一次实机值域校验。
12 InventoryManager 背包管理器,InventoryItemTreeCountOffset,0x788,0x788,uint64,背包物品树节点数量。,运行时/辅助解析,Roadhog/Infrastructure/Vmm/AionVmmGameApi.cs,180,0x788 | 未变（静态结构比对）,对象成员/节点/数组布局在旧新对应函数中未见整体位移；建议关键业务字段上线前做一次实机值域校验。
12 InventoryManager 背包管理器,InventoryEquipmentIdsOffset,0x790,0x790,uint32[32],已装备物品 InstanceId 数组，逐项步长 4 字节。,运行时/辅助解析,Roadhog/Infrastructure/Vmm/AionVmmGameApi.cs,181,0x790 | 未变（静态结构比对）,对象成员/节点/数组布局在旧新对应函数中未见整体位移；建议关键业务字段上线前做一次实机值域校验。
12 InventoryManager 背包管理器,InventoryEquipmentIdCount,32,32,数组数量,已装备物品 InstanceId 数组长度 32。,运行时/辅助解析,Roadhog/Infrastructure/Vmm/AionVmmGameApi.cs,182,32 | 未变（静态结构比对）,对象成员/节点/数组布局在旧新对应函数中未见整体位移；建议关键业务字段上线前做一次实机值域校验。
12 InventoryManager 背包管理器,InventorySlotsPerPage,27,27,布局参数,每页 27 格；此 VMM 文件中只保留常量定义，未引用。,仅保留定义，当前无引用,Roadhog/Infrastructure/Vmm/AionVmmGameApi.cs,183,27 | 未变（程序侧）,Roadhog 侧策略/上限/环境变量，不是 Game.dll 地址。
12 InventoryManager 背包管理器,InventoryColumnsPerPage,9,9,布局参数,每页 9 列；此 VMM 文件中只保留常量定义，未引用。,仅保留定义，当前无引用,Roadhog/Infrastructure/Vmm/AionVmmGameApi.cs,184,9 | 未变（程序侧）,Roadhog 侧策略/上限/环境变量，不是 Game.dll 地址。
13 背包物品节点与物品对象,InventoryNodeInstanceIdOffset,0x20,0x20,uint32,背包物品树节点上的 instance id key；用于校验节点和物品对象一致。,运行时/辅助解析,Roadhog/Infrastructure/Vmm/AionVmmGameApi.cs,185,0x20 | 未变（静态结构比对）,对象成员/节点/数组布局在旧新对应函数中未见整体位移；建议关键业务字段上线前做一次实机值域校验。
13 背包物品节点与物品对象,InventoryNodeItemOffset,0x28,0x28,ptr64,背包物品树节点上的 `InventoryItem*`。,运行时/辅助解析,Roadhog/Infrastructure/Vmm/AionVmmGameApi.cs,186,0x28 | 未变（静态结构比对）,对象成员/节点/数组布局在旧新对应函数中未见整体位移；建议关键业务字段上线前做一次实机值域校验。
13 背包物品节点与物品对象,InventoryItemInstanceIdOffset,0x8,0x08,uint32,物品 instance id。,运行时/辅助解析,Roadhog/Infrastructure/Vmm/AionVmmGameApi.cs,187,0x8 | 未变（静态结构比对）,对象成员/节点/数组布局在旧新对应函数中未见整体位移；建议关键业务字段上线前做一次实机值域校验。
13 背包物品节点与物品对象,InventoryItemTemplateIdOffset,0xC,0x0C,uint32,物品 template id。,运行时/辅助解析,Roadhog/Infrastructure/Vmm/AionVmmGameApi.cs,188,0xC | 未变（静态结构比对）,对象成员/节点/数组布局在旧新对应函数中未见整体位移；建议关键业务字段上线前做一次实机值域校验。
13 背包物品节点与物品对象,InventoryItemCountOffset,0x10,0x10,uint64,堆叠数量。,运行时/辅助解析,Roadhog/Infrastructure/Vmm/AionVmmGameApi.cs,189,0x10 | 未变（静态结构比对）,对象成员/节点/数组布局在旧新对应函数中未见整体位移；建议关键业务字段上线前做一次实机值域校验。
13 背包物品节点与物品对象,InventoryItemNameOffset,0x18,0x18,MSVC wstring,物品名 MSVC 宽字符串。,运行时/辅助解析,Roadhog/Infrastructure/Vmm/AionVmmGameApi.cs,190,0x18 | 未变（静态结构比对）,对象成员/节点/数组布局在旧新对应函数中未见整体位移；建议关键业务字段上线前做一次实机值域校验。
13 背包物品节点与物品对象,InventoryItemTypeOffset,0x60,0x60,uint32,物品类型，用于装备、魔石、烙印等分类。,运行时/辅助解析,Roadhog/Infrastructure/Vmm/AionVmmGameApi.cs,191,0x60 | 未变（静态结构比对）,对象成员/节点/数组布局在旧新对应函数中未见整体位移；建议关键业务字段上线前做一次实机值域校验。
13 背包物品节点与物品对象,InventoryItemEquipmentMaskOffset,0x74,0x74,uint32,装备类别掩码。,运行时/辅助解析,Roadhog/Infrastructure/Vmm/AionVmmGameApi.cs,192,0x74 | 未变（静态结构比对）,对象成员/节点/数组布局在旧新对应函数中未见整体位移；建议关键业务字段上线前做一次实机值域校验。
13 背包物品节点与物品对象,InventoryItemVendorSellUnitPriceOffset,0x80,0x80,uint64,当前 NPC 杂货商单件收购价。,运行时/辅助解析,Roadhog/Infrastructure/Vmm/AionVmmGameApi.cs,193,0x80 | 未变（静态结构比对）,对象成员/节点/数组布局在旧新对应函数中未见整体位移；建议关键业务字段上线前做一次实机值域校验。
13 背包物品节点与物品对象,InventoryItemSlotOffset,0x4F6,0x4F6,int16,物品背包 slot，按有符号 16 位读取。,运行时/辅助解析,Roadhog/Infrastructure/Vmm/AionVmmGameApi.cs,194,0x4F6 | 未变（静态结构比对）,对象成员/节点/数组布局在旧新对应函数中未见整体位移；建议关键业务字段上线前做一次实机值域校验。
01 Game.dll 全局 RVA,ItemStaticIndexRva,0xD75418,0xD75418,内嵌索引头,GameBase + RVA 就是索引头地址；+ 4 读数量，+ 0x10 读 entries 指针。,运行时/辅助解析,Roadhog/Infrastructure/Vmm/AionVmmGameApi.cs,195,0xD75418 | 变更 -0x10,高置信直接确认：旧 0xD75428 → 新 0xD75418。
01 Game.dll 全局 RVA,StaticResolverChunkListRva,0xD4E4F0,0xD4E4F0,ptr64 数组基址,GameBase + RVA + chunkIndex * 8 直接读取压缩块指针。,运行时/辅助解析,Roadhog/Infrastructure/Vmm/AionVmmGameApi.cs,196,0xD4E4F0 | 变更 -0x10,直接确认：旧 0xD4E500 → 新 0xD4E4F0。
14 物品静态索引与压缩块,ItemStaticRecordIdOffset,0x0,0x000,uint32,解压后静态物品记录的模板 ID，用来校验记录与目标物品一致。,运行时/辅助解析,Roadhog/Infrastructure/Vmm/AionVmmGameApi.cs,197,0x0 | 未变（静态结构比对）,对象成员/节点/数组布局在旧新对应函数中未见整体位移；建议关键业务字段上线前做一次实机值域校验。
14 物品静态索引与压缩块,ItemStaticRecordQualityRankOffset,0x1E1,0x1E1,uint8,解压后静态物品记录的品质字节；不在 InventoryItem 对象内。,运行时/辅助解析,Roadhog/Infrastructure/Vmm/AionVmmGameApi.cs,198,0x1E1 | 未变（静态结构比对）,对象成员/节点/数组布局在旧新对应函数中未见整体位移；建议关键业务字段上线前做一次实机值域校验。
14 物品静态索引与压缩块,StaticResolverEntrySize,0x10,0x10,字节步长,静态索引 entry 步长 0x10。,运行时/辅助解析,Roadhog/Infrastructure/Vmm/AionVmmGameApi.cs,199,0x10 | 未变（静态结构比对）,对象成员/节点/数组布局在旧新对应函数中未见整体位移；建议关键业务字段上线前做一次实机值域校验。
14 物品静态索引与压缩块,StaticResolverPackedHandleOffset,0x8,0x08,uint64，取低 32 位,静态索引 entry 中的 packed handle；读取 8 字节后截为 uint32。,运行时/辅助解析,Roadhog/Infrastructure/Vmm/AionVmmGameApi.cs,200,0x8 | 未变（静态结构比对）,对象成员/节点/数组布局在旧新对应函数中未见整体位移；建议关键业务字段上线前做一次实机值域校验。
14 物品静态索引与压缩块,StaticResolverPackedChunkShift,14,14,位移量,packed handle 右移 14 位得到 rawChunkIndex；非零时再减 1，0 保持 0。,运行时/辅助解析,Roadhog/Infrastructure/Vmm/AionVmmGameApi.cs,201,14 | 未变（静态结构比对）,对象成员/节点/数组布局在旧新对应函数中未见整体位移；建议关键业务字段上线前做一次实机值域校验。
14 物品静态索引与压缩块,StaticResolverPackedOffsetMask,0x3FFF,0x3FFF,掩码,packed handle & 0x3FFF 得到解压块内记录偏移。,运行时/辅助解析,Roadhog/Infrastructure/Vmm/AionVmmGameApi.cs,202,0x3FFF | 未变（静态结构比对）,对象成员/节点/数组布局在旧新对应函数中未见整体位移；建议关键业务字段上线前做一次实机值域校验。
14 物品静态索引与压缩块,MaxStaticResolverEntries,2000000,2_000_000,参数/上限,静态索引数量安全上限，防止损坏数据导致超大遍历。,程序参数/读取保护上限,Roadhog/Infrastructure/Vmm/AionVmmGameApi.cs,203,2000000 | 未变（程序侧）,Roadhog 侧策略/上限/环境变量，不是 Game.dll 地址。
14 物品静态索引与压缩块,MaxStaticChunkCompressedBytes,4194304,4 * 1024 * 1024,参数/上限,单个静态压缩块大小上限。,程序参数/读取保护上限,Roadhog/Infrastructure/Vmm/AionVmmGameApi.cs,204,4194304 | 未变（程序侧）,Roadhog 侧策略/上限/环境变量，不是 Game.dll 地址。
14 物品静态索引与压缩块,MaxStaticChunkUncompressedBytes,16777216,16 * 1024 * 1024,参数/上限,单个静态解压块大小上限。,程序参数/读取保护上限,Roadhog/Infrastructure/Vmm/AionVmmGameApi.cs,205,16777216 | 未变（程序侧）,Roadhog 侧策略/上限/环境变量，不是 Game.dll 地址。
01 Game.dll 全局 RVA,DlgInventoryDialog27MethodRva,0x1C6820,0x1C6820,代码地址,DialogId 27 方法 RVA；仅在背包对象备用扫描路径和 DEBUG 探针中读取/匹配地址。,运行时/辅助解析,Roadhog/Infrastructure/Vmm/AionVmmGameApi.cs,207,0x1C6820 | 变更 +0x130,函数体/大小对应：旧 0x1801C66F0 → 新 0x1801C6820。
01 Game.dll 全局 RVA,DlgInventoryDialog28MethodRva,0x1CC0E0,0x1CC0E0,代码地址,DialogId 28 方法 RVA；仅在背包对象备用扫描路径和 DEBUG 探针中读取/匹配地址。,运行时/辅助解析,Roadhog/Infrastructure/Vmm/AionVmmGameApi.cs,208,0x1CC0E0 | 变更 +0x130,函数体/大小对应：旧 0x1801CBFB0 → 新 0x1801CC0E0。
01 Game.dll 全局 RVA,DlgInventoryDialogTableRva,0xD63990,0xD63990,ptr64 数组基址,通用 UI 对话框指针表；DialogId * 8 为槽偏移。,运行时/辅助解析,Roadhog/Infrastructure/Vmm/AionVmmGameApi.cs,209,0xD63990 | 变更 -0x10,高置信直接确认：大量 UI 表引用从 0xD639A0 → 0xD63990。
01 Game.dll 全局 RVA,DlgInventoryDialog27PointerRva,0xD63A68 = DlgInventoryDialogTableRva + (27UL * 8UL),DlgInventoryDialogTableRva + (27UL * 8UL),ptr64,UI 表第 27 槽，GameBase + 0xD63A68；背包窗口与待丢弃物品读取入口。,运行时/辅助解析,Roadhog/Infrastructure/Vmm/AionVmmGameApi.cs,210,0xD63A68 = DlgInventoryDialogTableRva + (27UL * 8UL) | 变更 -0x10,由新 DialogTable 直接推导；对应槽引用也直接匹配。
01 Game.dll 全局 RVA,DlgInventoryDialog28PointerRva,0xD63A70 = DlgInventoryDialogTableRva + (28UL * 8UL),DlgInventoryDialogTableRva + (28UL * 8UL),ptr64,UI 表第 28 槽，GameBase + 0xD63A70；另一个背包窗口候选。,运行时/辅助解析,Roadhog/Infrastructure/Vmm/AionVmmGameApi.cs,211,0xD63A70 = DlgInventoryDialogTableRva + (28UL * 8UL) | 变更 -0x10,由新 DialogTable 直接推导；对应槽引用也直接匹配。
15 背包窗口与对象扫描,DlgInventoryWidgetFlagsOffset,0x28,0x28,uint64,UIWidget flags；背包和丢弃确认框共用最低可见位。,运行时/辅助解析,Roadhog/Infrastructure/Vmm/AionVmmGameApi.cs,212,0x28 | 未变,未发现与本次 Game.dll 更新相关的结构变化。
15 背包窗口与对象扫描,DlgInventoryVisibleMask,0x1,0x01,掩码,flags & 0x01 非零表示窗口可见。,运行时/辅助解析,Roadhog/Infrastructure/Vmm/AionVmmGameApi.cs,213,0x1 | 未变,未发现与本次 Game.dll 更新相关的结构变化。
15 背包窗口与对象扫描,DlgInventoryPageDirtyFlagBaseOffset,0x585,0x585,uint8，每页一步,历史页面 dirty 标志 + 0x585 + pageIndex；此文件中仅保留定义，不用于判断窗口开关。,仅保留定义，当前无引用,Roadhog/Infrastructure/Vmm/AionVmmGameApi.cs,214,0x585 | 未变（程序侧）,Roadhog 侧策略/上限/环境变量，不是 Game.dll 地址。
15 背包窗口与对象扫描,DlgInventoryWindowRectOffset,0x58,0x58,float64[4],DlgInventory 内 Rect 起始；默认 LegacyDialogRect 路径读取 X/Y/宽/高，间隔 8 字节。,运行时/辅助解析,Roadhog/Infrastructure/Vmm/AionVmmGameApi.cs,215,0x58 | 未变,未发现与本次 Game.dll 更新相关的结构变化。
15 背包窗口与对象扫描,DlgInventoryRootWidgetOffset,0x4D8,0x4D8,ptr64,DlgInventory 内 root widget 指针；RootWidgetRectExperimental 路径使用。,运行时/辅助解析,Roadhog/Infrastructure/Vmm/AionVmmGameApi.cs,216,0x4D8 | 未变,未发现与本次 Game.dll 更新相关的结构变化。
16 丢弃确认框,DlgInventoryPendingDestroyItemIdOffset,0x598,0x598,uint32,DialogId 27 背包对象内正在等待丢弃确认的物品 InstanceId；为 0 表示没有待确认物品。,运行时/辅助解析,Roadhog/Infrastructure/Vmm/AionVmmGameApi.cs,217,0x598 | 未变（静态结构比对）,对象成员/节点/数组布局在旧新对应函数中未见整体位移；建议关键业务字段上线前做一次实机值域校验。
16 丢弃确认框,FirstNormalDiscardDialogId,336,336,DialogId,普通丢弃确认框扫描范围起点，包含 336。,运行时/辅助解析,Roadhog/Infrastructure/Vmm/AionVmmGameApi.cs,218,336 | 未变（静态结构比对）,对象成员/节点/数组布局在旧新对应函数中未见整体位移；建议关键业务字段上线前做一次实机值域校验。
16 丢弃确认框,LastNormalDiscardDialogId,355,355,DialogId,普通丢弃确认框扫描范围终点，包含 355。,运行时/辅助解析,Roadhog/Infrastructure/Vmm/AionVmmGameApi.cs,219,355 | 未变（静态结构比对）,对象成员/节点/数组布局在旧新对应函数中未见整体位移；建议关键业务字段上线前做一次实机值域校验。
16 丢弃确认框,FirstSpecialDiscardDialogId,356,356,DialogId,特殊丢弃确认框扫描范围起点，包含 356。,运行时/辅助解析,Roadhog/Infrastructure/Vmm/AionVmmGameApi.cs,220,356 | 未变（静态结构比对）,对象成员/节点/数组布局在旧新对应函数中未见整体位移；建议关键业务字段上线前做一次实机值域校验。
16 丢弃确认框,LastSpecialDiscardDialogId,365,365,DialogId,特殊丢弃确认框扫描范围终点，包含 365。,运行时/辅助解析,Roadhog/Infrastructure/Vmm/AionVmmGameApi.cs,221,365 | 未变（静态结构比对）,对象成员/节点/数组布局在旧新对应函数中未见整体位移；建议关键业务字段上线前做一次实机值域校验。
16 丢弃确认框,DiscardMsgBoxTypeOffset,0x4D8,0x4D8,uint32,丢弃确认框类型，用于筛选正确弹窗。,运行时/辅助解析,Roadhog/Infrastructure/Vmm/AionVmmGameApi.cs,222,0x4D8 | 未变（静态结构比对）,对象成员/节点/数组布局在旧新对应函数中未见整体位移；建议关键业务字段上线前做一次实机值域校验。
16 丢弃确认框,DiscardMsgBoxConfirmActionOffset,0x4DC,0x4DC,uint32,丢弃确认框确认动作 ID。,运行时/辅助解析,Roadhog/Infrastructure/Vmm/AionVmmGameApi.cs,223,0x4DC | 未变（静态结构比对）,对象成员/节点/数组布局在旧新对应函数中未见整体位移；建议关键业务字段上线前做一次实机值域校验。
16 丢弃确认框,DiscardMsgBoxCancelActionOffset,0x4E0,0x4E0,uint32,丢弃确认框取消动作 ID。,运行时/辅助解析,Roadhog/Infrastructure/Vmm/AionVmmGameApi.cs,224,0x4E0 | 未变（静态结构比对）,对象成员/节点/数组布局在旧新对应函数中未见整体位移；建议关键业务字段上线前做一次实机值域校验。
16 丢弃确认框,DiscardMsgBoxItemInstanceIdOffset,0x4E8,0x4E8,uint32,丢弃确认框第一个物品 InstanceId 字段。,运行时/辅助解析,Roadhog/Infrastructure/Vmm/AionVmmGameApi.cs,225,0x4E8 | 未变（静态结构比对）,对象成员/节点/数组布局在旧新对应函数中未见整体位移；建议关键业务字段上线前做一次实机值域校验。
16 丢弃确认框,DiscardMsgBoxItemInstanceId2Offset,0x508,0x508,uint32,丢弃确认框第二个物品 InstanceId 字段；与待丢弃 ID 一同校验。,运行时/辅助解析,Roadhog/Infrastructure/Vmm/AionVmmGameApi.cs,226,0x508 | 未变（静态结构比对）,对象成员/节点/数组布局在旧新对应函数中未见整体位移；建议关键业务字段上线前做一次实机值域校验。
16 丢弃确认框,NormalDiscardMsgBoxType,2049,2049,枚举值,普通丢弃确认框类型 2049（0x801）。,运行时/辅助解析,Roadhog/Infrastructure/Vmm/AionVmmGameApi.cs,227,2049 | 未变（静态结构比对）,对象成员/节点/数组布局在旧新对应函数中未见整体位移；建议关键业务字段上线前做一次实机值域校验。
16 丢弃确认框,NormalDiscardConfirmAction,2101,2101,枚举值,普通丢弃确认动作 2101（0x835）。,运行时/辅助解析,Roadhog/Infrastructure/Vmm/AionVmmGameApi.cs,228,2101 | 未变（静态结构比对）,对象成员/节点/数组布局在旧新对应函数中未见整体位移；建议关键业务字段上线前做一次实机值域校验。
16 丢弃确认框,NormalDiscardCancelAction,2104,2104,枚举值,普通丢弃取消动作 2104（0x838）。,运行时/辅助解析,Roadhog/Infrastructure/Vmm/AionVmmGameApi.cs,229,2104 | 未变（静态结构比对）,对象成员/节点/数组布局在旧新对应函数中未见整体位移；建议关键业务字段上线前做一次实机值域校验。
16 丢弃确认框,SpecialDiscardMsgBoxType,3,3,枚举值,特殊丢弃确认框类型 3。,运行时/辅助解析,Roadhog/Infrastructure/Vmm/AionVmmGameApi.cs,230,3 | 未变（静态结构比对）,对象成员/节点/数组布局在旧新对应函数中未见整体位移；建议关键业务字段上线前做一次实机值域校验。
16 丢弃确认框,SpecialDiscardConfirmAction,2105,2105,枚举值,特殊丢弃确认动作 2105（0x839）。,运行时/辅助解析,Roadhog/Infrastructure/Vmm/AionVmmGameApi.cs,231,2105 | 未变（静态结构比对）,对象成员/节点/数组布局在旧新对应函数中未见整体位移；建议关键业务字段上线前做一次实机值域校验。
16 丢弃确认框,SpecialDiscardCancelAction,2106,2106,枚举值,特殊丢弃取消动作 2106（0x83A）。,运行时/辅助解析,Roadhog/Infrastructure/Vmm/AionVmmGameApi.cs,232,2106 | 未变（静态结构比对）,对象成员/节点/数组布局在旧新对应函数中未见整体位移；建议关键业务字段上线前做一次实机值域校验。
15 背包窗口与对象扫描,DlgInventoryVtableBackSlots,256,256,参数/上限,从 `DlgInventory` 方法地址向前扫描 vtable 槽位的最大数量。,程序参数/读取保护上限,Roadhog/Infrastructure/Vmm/AionVmmGameApi.cs,233,256 | 未变（程序侧）,Roadhog 侧策略/上限/环境变量，不是 Game.dll 地址。
15 背包窗口与对象扫描,RootWidgetRectScanBytes,0x800,0x800,参数/上限,root widget 内扫描 Rect 候选的范围。,程序参数/读取保护上限,Roadhog/Infrastructure/Vmm/AionVmmGameApi.cs,234,0x800 | 未变（程序侧）,Roadhog 侧策略/上限/环境变量，不是 Game.dll 地址。
15 背包窗口与对象扫描,RootWidgetRectScanStep,0x8,0x08,参数/上限,root widget Rect 候选扫描步长。,程序参数/读取保护上限,Roadhog/Infrastructure/Vmm/AionVmmGameApi.cs,235,0x8 | 未变（程序侧）,Roadhog 侧策略/上限/环境变量，不是 Game.dll 地址。
15 背包窗口与对象扫描,RootWidgetRectOffsetEnvironmentVariable,ROADHOG_INVENTORY_ROOT_WIDGET_RECT_OFFSET,"""ROADHOG_INVENTORY_ROOT_WIDGET_RECT_OFFSET""",环境变量名,ROADHOG_INVENTORY_ROOT_WIDGET_RECT_OFFSET；指定 root widget 内 Rect 起点，未设置时扫描候选。,运行时/辅助解析,Roadhog/Infrastructure/Vmm/AionVmmGameApi.cs,236,ROADHOG_INVENTORY_ROOT_WIDGET_RECT_OFFSET | 未变（程序侧）,Roadhog 侧策略/上限/环境变量，不是 Game.dll 地址。
15 背包窗口与对象扫描,InventoryUiMinAllocationSize,0x400,0x400,参数/上限,背包 UI 对象 VAD 扫描的最小 allocation size。,程序参数/读取保护上限,Roadhog/Infrastructure/Vmm/AionVmmGameApi.cs,237,0x400 | 未变（程序侧）,Roadhog 侧策略/上限/环境变量，不是 Game.dll 地址。
15 背包窗口与对象扫描,InventoryUiMaxAllocationSize,0x3000,0x3000,参数/上限,背包 UI 对象 VAD 扫描的最大 allocation size。,程序参数/读取保护上限,Roadhog/Infrastructure/Vmm/AionVmmGameApi.cs,238,0x3000 | 未变（程序侧）,Roadhog 侧策略/上限/环境变量，不是 Game.dll 地址。
15 背包窗口与对象扫描,InventoryUiVadScanBytes,1073741824,1024UL * 1024UL * 1024UL,参数/上限,背包 UI VAD 扫描范围上限。,程序参数/读取保护上限,Roadhog/Infrastructure/Vmm/AionVmmGameApi.cs,239,1073741824 | 未变（程序侧）,Roadhog 侧策略/上限/环境变量，不是 Game.dll 地址。
15 背包窗口与对象扫描,InventoryUiObjectScanLimit,32,32,参数/上限,背包 UI 对象候选扫描数量上限。,程序参数/读取保护上限,Roadhog/Infrastructure/Vmm/AionVmmGameApi.cs,240,32 | 未变（程序侧）,Roadhog 侧策略/上限/环境变量，不是 Game.dll 地址。
17 内联子偏移、数组布局与动态解析,当前目标 EntityId,GameBase + 0xD6CB0A,GameBase + 0xD6CB0A,uint16,LocalEntityIdRva + 2；没有独立命名常量。,补充读取项/动态规则,Roadhog/Infrastructure/Vmm/AionVmmGameApi.cs,5647,GameBase + 0xD6CB0A | 派生地址已更新,成员/数组规则未变，仅其 GameBase 全局基址按新构建更新。
17 内联子偏移、数组布局与动态解析,世界坐标 Y,CEntity + 0x4E8,CEntity + 0x4E8,float32,EntityWorldPositionOffset + 4。,补充读取项/动态规则,Roadhog/Infrastructure/Vmm/AionVmmGameApi.cs,8740,CEntity + 0x4E8 | 未变,对象内/数组/ABI/运行时解析规则；静态结构比对未发现需要改动。
17 内联子偏移、数组布局与动态解析,世界坐标 Z,CEntity + 0x4EC,CEntity + 0x4EC,float32,EntityWorldPositionOffset + 8。,补充读取项/动态规则,Roadhog/Infrastructure/Vmm/AionVmmGameApi.cs,8741,CEntity + 0x4EC | 未变,对象内/数组/ABI/运行时解析规则；静态结构比对未发现需要改动。
17 内联子偏移、数组布局与动态解析,角色朝向 yaw,CEntity + 0x520,CEntity + 0x520,float32,EntityWorldAnglesOffset + 8；代码直接按角度归一化，不做弧度转换。,补充读取项/动态规则,Roadhog/Infrastructure/Vmm/AionVmmGameApi.cs,5811,CEntity + 0x520 | 未变,对象内/数组/ABI/运行时解析规则；静态结构比对未发现需要改动。
17 内联子偏移、数组布局与动态解析,诊断 local 坐标 Y,CEntity + 0x528,CEntity + 0x528,float32,EntityLocalPositionOffset + 4；仅 DEBUG 坐标探针。,补充读取项/动态规则,Roadhog/Infrastructure/Vmm/AionVmmGameApi.cs,1749,CEntity + 0x528 | 未变,对象内/数组/ABI/运行时解析规则；静态结构比对未发现需要改动。
17 内联子偏移、数组布局与动态解析,诊断 local 坐标 Z,CEntity + 0x52C,CEntity + 0x52C,float32,EntityLocalPositionOffset + 8；仅 DEBUG 坐标探针。,补充读取项/动态规则,Roadhog/Infrastructure/Vmm/AionVmmGameApi.cs,1749,CEntity + 0x52C | 未变,对象内/数组/ABI/运行时解析规则；静态结构比对未发现需要改动。
17 内联子偏移、数组布局与动态解析,采集出生坐标 Y,Actor + 0x1A0,Actor + 0x1A0,float32,ActorGatherSpawnPositionOffset + 4。,补充读取项/动态规则,Roadhog/Infrastructure/Vmm/AionVmmGameApi.cs,9485,Actor + 0x1A0 | 未变,对象内/数组/ABI/运行时解析规则；静态结构比对未发现需要改动。
17 内联子偏移、数组布局与动态解析,采集出生坐标 Z,Actor + 0x1A4,Actor + 0x1A4,float32,ActorGatherSpawnPositionOffset + 8。,补充读取项/动态规则,Roadhog/Infrastructure/Vmm/AionVmmGameApi.cs,9485,Actor + 0x1A4 | 未变,对象内/数组/ABI/运行时解析规则；静态结构比对未发现需要改动。
17 内联子偏移、数组布局与动态解析,异常 entry Field00,entry + 0x00,entry + 0x00,uint32,本地/队伍共用，原始诊断字段。,补充读取项/动态规则,Roadhog/Infrastructure/Vmm/AionVmmGameApi.cs,6022,entry + 0x00 | 未变,对象内/数组/ABI/运行时解析规则；静态结构比对未发现需要改动。
17 内联子偏移、数组布局与动态解析,异常 entry AbnormalId,entry + 0x04,entry + 0x04,uint32,本地/队伍共用，异常状态 ID。,补充读取项/动态规则,Roadhog/Infrastructure/Vmm/AionVmmGameApi.cs,6023,entry + 0x04 | 未变,对象内/数组/ABI/运行时解析规则；静态结构比对未发现需要改动。
17 内联子偏移、数组布局与动态解析,异常 entry Category,entry + 0x08,entry + 0x08,uint32,本地/队伍共用，原始 bucket/category，不能直接等同 Buff/Debuff。,补充读取项/动态规则,Roadhog/Infrastructure/Vmm/AionVmmGameApi.cs,6024,entry + 0x08 | 未变,对象内/数组/ABI/运行时解析规则；静态结构比对未发现需要改动。
17 内联子偏移、数组布局与动态解析,异常 entry TimeOrSource,entry + 0x0C,entry + 0x0C,uint32,本地/队伍共用，原始时间/来源字段。,补充读取项/动态规则,Roadhog/Infrastructure/Vmm/AionVmmGameApi.cs,6025,entry + 0x0C | 未变,对象内/数组/ABI/运行时解析规则；静态结构比对未发现需要改动。
17 内联子偏移、数组布局与动态解析,异常 entry LevelOrStack,entry + 0x10,entry + 0x10,uint16,本地/队伍共用，等级/层数原始值。,补充读取项/动态规则,Roadhog/Infrastructure/Vmm/AionVmmGameApi.cs,6026,entry + 0x10 | 未变,对象内/数组/ABI/运行时解析规则；静态结构比对未发现需要改动。
17 内联子偏移、数组布局与动态解析,MSVC wstring 字符存储,stringObject + 0x00,stringObject + 0x00,16 字节内联区或 ptr64,capacity 小于 8 时从对象本身读 UTF-16；否则先解引用此处的字符指针。,补充读取项/动态规则,Roadhog/Infrastructure/Vmm/AionVmmGameApi.cs,10232,stringObject + 0x00 | 未变,对象内/数组/ABI/运行时解析规则；静态结构比对未发现需要改动。
17 内联子偏移、数组布局与动态解析,MSVC wstring 长度,stringObject + 0x10,stringObject + 0x10,uint64,字符数；代码读取上限 256。,补充读取项/动态规则,Roadhog/Infrastructure/Vmm/AionVmmGameApi.cs,10215,stringObject + 0x10 | 未变,对象内/数组/ABI/运行时解析规则；静态结构比对未发现需要改动。
17 内联子偏移、数组布局与动态解析,MSVC wstring 容量,stringObject + 0x18,stringObject + 0x18,uint64,以 8 为内联/堆字符串分界；容量保护上限 0x100000。,补充读取项/动态规则,Roadhog/Infrastructure/Vmm/AionVmmGameApi.cs,10216,stringObject + 0x18 | 未变,对象内/数组/ABI/运行时解析规则；静态结构比对未发现需要改动。
17 内联子偏移、数组布局与动态解析,物品静态索引数量,GameBase + 0xD7541C,GameBase + 0xD7541C,uint32,ItemStaticIndexRva + 0x04；索引头为直接内嵌结构。,补充读取项/动态规则,Roadhog/Infrastructure/Vmm/AionVmmGameApi.cs,10338,GameBase + 0xD7541C | 派生地址已更新,成员/数组规则未变，仅其 GameBase 全局基址按新构建更新。
17 内联子偏移、数组布局与动态解析,物品静态索引 entries,GameBase + 0xD75428,GameBase + 0xD75428,ptr64,ItemStaticIndexRva + 0x10；解引用为排序的 entry 数组。,补充读取项/动态规则,Roadhog/Infrastructure/Vmm/AionVmmGameApi.cs,10341,GameBase + 0xD75428 | 派生地址已更新,成员/数组规则未变，仅其 GameBase 全局基址按新构建更新。
17 内联子偏移、数组布局与动态解析,物品静态索引 key,entry + 0x00,entry + 0x00,uint32,TemplateId 二分查找键，entry 步长 0x10。,补充读取项/动态规则,Roadhog/Infrastructure/Vmm/AionVmmGameApi.cs,10353,entry + 0x00 | 未变,对象内/数组/ABI/运行时解析规则；静态结构比对未发现需要改动。
17 内联子偏移、数组布局与动态解析,压缩块 compressedSize,chunkPointer + 0x00,chunkPointer + 0x00,uint32,压缩长度。,补充读取项/动态规则,Roadhog/Infrastructure/Vmm/AionVmmGameApi.cs,10397,chunkPointer + 0x00 | 未变,对象内/数组/ABI/运行时解析规则；静态结构比对未发现需要改动。
17 内联子偏移、数组布局与动态解析,压缩块 uncompressedSize,chunkPointer + 0x04,chunkPointer + 0x04,uint32,解压长度。,补充读取项/动态规则,Roadhog/Infrastructure/Vmm/AionVmmGameApi.cs,10398,chunkPointer + 0x04 | 未变,对象内/数组/ABI/运行时解析规则；静态结构比对未发现需要改动。
17 内联子偏移、数组布局与动态解析,压缩块数据,chunkPointer + 0x08,chunkPointer + 0x08,byte[compressedSize],zlib 数据；当前解码去掉 2 字节头和 4 字节尾，再以 Deflate 解压。,补充读取项/动态规则,Roadhog/Infrastructure/Vmm/AionVmmGameApi.cs,10403,chunkPointer + 0x08 | 未变,对象内/数组/ABI/运行时解析规则；静态结构比对未发现需要改动。
17 内联子偏移、数组布局与动态解析,背包 Rect X,DlgInventory + 0x58,DlgInventory + 0x58,float64,默认 Rect 的第 0 项。实验路径则相对动态 rectAddress + 0。,补充读取项/动态规则,Roadhog/Infrastructure/Vmm/AionVmmGameApi.cs,9805,DlgInventory + 0x58 | 未变,对象内/数组/ABI/运行时解析规则；静态结构比对未发现需要改动。
17 内联子偏移、数组布局与动态解析,背包 Rect Y,DlgInventory + 0x60,DlgInventory + 0x60,float64,默认 Rect 的第 1 项。实验路径相对 rectAddress + 8。,补充读取项/动态规则,Roadhog/Infrastructure/Vmm/AionVmmGameApi.cs,9806,DlgInventory + 0x60 | 未变,对象内/数组/ABI/运行时解析规则；静态结构比对未发现需要改动。
17 内联子偏移、数组布局与动态解析,背包 Rect 宽,DlgInventory + 0x68,DlgInventory + 0x68,float64,默认 Rect 的第 2 项。实验路径相对 rectAddress + 0x10。,补充读取项/动态规则,Roadhog/Infrastructure/Vmm/AionVmmGameApi.cs,9807,DlgInventory + 0x68 | 未变,对象内/数组/ABI/运行时解析规则；静态结构比对未发现需要改动。
17 内联子偏移、数组布局与动态解析,背包 Rect 高,DlgInventory + 0x70,DlgInventory + 0x70,float64,默认 Rect 的第 3 项。实验路径相对 rectAddress + 0x18。,补充读取项/动态规则,Roadhog/Infrastructure/Vmm/AionVmmGameApi.cs,9808,DlgInventory + 0x70 | 未变,对象内/数组/ABI/运行时解析规则；静态结构比对未发现需要改动。
17 内联子偏移、数组布局与动态解析,战术标记槽地址,GameBase + 0xD668D0 + i * 4,GameBase + 0xD668D0 + i * 4,uint32[16],i 为 0 到 15，一次读取 64 字节；保存 ServerObjectId，0 表示空。,补充读取项/动态规则,Roadhog/Infrastructure/Vmm/AionVmmGameApi.cs,2618,GameBase + 0xD668D0 + i * 4 | 派生地址已更新,成员/数组规则未变，仅其 GameBase 全局基址按新构建更新。
17 内联子偏移、数组布局与动态解析,已装备物品槽地址,InventoryManager + 0x790 + i * 4,InventoryManager + 0x790 + i * 4,uint32[32],i 为 0 到 31；每槽保存物品 InstanceId。,补充读取项/动态规则,Roadhog/Infrastructure/Vmm/AionVmmGameApi.cs,4906,InventoryManager + 0x790 + i * 4 | 未变,对象内/数组/ABI/运行时解析规则；静态结构比对未发现需要改动。
17 内联子偏移、数组布局与动态解析,UI 对话框槽地址,GameBase + 0xD63990 + dialogId * 8,GameBase + 0xD63990 + dialogId * 8,ptr64,背包 27/28，普通丢弃 336 到 355，特殊丢弃 356 到 365；范围包含端点。,补充读取项/动态规则,Roadhog/Infrastructure/Vmm/AionVmmGameApi.cs,3460,GameBase + 0xD63990 + dialogId * 8 | 派生地址已更新,成员/数组规则未变，仅其 GameBase 全局基址按新构建更新。
17 内联子偏移、数组布局与动态解析,静态压缩块槽地址,GameBase + 0xD4E4F0 + chunkIndex * 8,GameBase + 0xD4E4F0 + chunkIndex * 8,ptr64,数组基址直接加索引后读取指针；chunkIndex 来自 packed handle。,补充读取项/动态规则,Roadhog/Infrastructure/Vmm/AionVmmGameApi.cs,10395,GameBase + 0xD4E4F0 + chunkIndex * 8 | 派生地址已更新,成员/数组规则未变，仅其 GameBase 全局基址按新构建更新。
17 内联子偏移、数组布局与动态解析,对象虚表指针,CEntity / EntitySystem / DlgInventory + 0x00,CEntity / EntitySystem / DlgInventory + 0x00,ptr64,对象头解引用获得 vtable；再读取对应 vfunc 槽。,补充读取项/动态规则,Roadhog/Infrastructure/Vmm/AionVmmGameApi.cs,8838,CEntity / EntitySystem / DlgInventory + 0x00 | 未变,对象内/数组/ABI/运行时解析规则；静态结构比对未发现需要改动。
17 内联子偏移、数组布局与动态解析,动态 CEntity 到 proxy manager 成员偏移,从 [CEntity.vtable + 0xB8] 的函数体推导,从 [CEntity.vtable + 0xB8] 的函数体推导,uint32 disp32 或 uint8 disp8,读取 16 字节函数体；48 8B 81 后 +3 读取 disp32，或 48 8B 41 后 +3 读取 disp8，再读取 [CEntity + disp]。,补充读取项/动态规则,Roadhog/Infrastructure/Vmm/AionVmmGameApi.cs,8845,从 [CEntity.vtable + 0xB8] 的函数体推导 | 未变,对象内/数组/ABI/运行时解析规则；静态结构比对未发现需要改动。
17 内联子偏移、数组布局与动态解析,动态 proxy manager 到 Actor 指针位置,扫描 proxyManager 的前 0x400 字节,扫描 proxyManager 的前 0x400 字节,ptr64，步长 8,以 Actor + 8 回指 CEntity、对象类型和 ServerObjectId 校验候选；没有写死单一 Actor 指针偏移。,补充读取项/动态规则,Roadhog/Infrastructure/Vmm/AionVmmGameApi.cs,8781,扫描 proxyManager 的前 0x400 字节 | 未变,对象内/数组/ABI/运行时解析规则；静态结构比对未发现需要改动。
17 内联子偏移、数组布局与动态解析,动态 root widget Rect 偏移,[DlgInventory + 0x4D8] + 运行时解析偏移,[DlgInventory + 0x4D8] + 运行时解析偏移,float64[4],实验路径；由环境变量指定，或在 root widget 前 0x800 字节内以 8 字节步长扫描。,补充读取项/动态规则,Roadhog/Infrastructure/Vmm/AionVmmGameApi.cs,9786,[DlgInventory + 0x4D8] + 运行时解析偏移 | 未变,对象内/数组/ABI/运行时解析规则；静态结构比对未发现需要改动。
17 内联子偏移、数组布局与动态解析,动态 DlgInventory 虚表与对象定位,GameBase + 方法 RVA 的引用槽反向扫描,GameBase + 方法 RVA 的引用槽反向扫描,ptr64,备用路径：方法地址引用槽向前 0 到 256 个槽（每槽 8 字节）形成虚表候选，再扫 heap/private VAD 中对象。,补充读取项/动态规则,Roadhog/Infrastructure/Vmm/AionVmmGameApi.cs,9250,GameBase + 方法 RVA 的引用槽反向扫描 | 规则未变；方法 RVA 已更新,反向扫描规则不变；Dialog27/28 方法 RVA 改为 0x1C6820 / 0x1CC0E0。
17 内联子偏移、数组布局与动态解析,当前地图 ID 实际地址,GameBase + 0xD6689C,GameBase + CurrentMapContextRva + CurrentMapIdOffset,uint32,内嵌地图上下文直接加成员偏移；账号 4 读到 120010000。错误的额外解引用会读到字符串片段 op，即 7340143。,实机读取链纠正,Roadhog/Infrastructure/Vmm/AionVmmGameApi.cs,2688,GameBase + 0xD6689C | 实机修正读取链,2026-09-09，账号 4，PID 3400；RVA + 0x20DC，无中间解引用。
